text_id,cohesion,syntax,vocabulary,phraseology,grammar,conventions
0000C359D63E,3.182753,2.8508935,3.0952725,3.1420956,2.7579696,2.7576602
000BAD50D026,2.9317012,2.846813,2.9747307,2.8411758,2.4720528,2.915165
00367BB2546B,3.7018602,3.5797882,3.5736778,3.4985754,3.306092,3.4901323
